Date,Open,High,Low,Close,Volume
2021/4/26 下午 1:30:00,605,610,603,610,30887664
2021/4/27 下午 1:30:00,608,611,605,610,26317481
2021/4/28 下午 1:30:00,606,608,601,602,24024054
2021/4/29 下午 1:30:00,609,609,600,600,31828333
2021/5/3 下午 1:30:00,595,597,588,588,41762441
2021/5/4 下午 1:30:00,588,594,582,591,40273595
2021/5/5 下午 1:30:00,594,594,585,585,29254785
2021/5/6 下午 1:30:00,590,590,580,587,30725590
2021/5/7 下午 1:30:00,594,600,589,599,28075722
2021/5/10 下午 1:30:00,596,597,588,589,20434079
2021/5/11 下午 1:30:00,579,580,570,571,59349193
2021/5/12 下午 1:30:00,567,571,518,560,131741482
2021/5/13 下午 1:30:00,547,563,541,547,66765627
2021/5/14 下午 1:30:00,556,562,552,557,37533726
2021/5/17 下午 1:30:00,544,558,541,549,56270958
2021/5/18 下午 1:30:00,563,573,555,572,43689316
2021/5/19 下午 1:30:00,571,572,565,567,28908777
2021/5/20 下午 1:30:00,567,571,560,567,29709287
2021/5/21 下午 1:30:00,572,577,568,573,27376731
2021/5/24 下午 1:30:00,570,572,566,568,15629736
2021/5/25 下午 1:30:00,576,584,573,583,33039911
2021/5/26 下午 1:30:00,587,588,581,585,18703987
2021/5/27 下午 1:30:00,580,582,573,582,62169719
2021/5/28 下午 1:30:00,587,592,582,590,29086873
2021/5/31 下午 1:30:00,595,597,590,597,30657474
2021/6/1 下午 1:30:00,598,599,595,598,17818326
2021/6/2 下午 1:30:00,600,600,593,595,21872755
2021/6/3 下午 1:30:00,600,600,596,596,21077164
2021/6/4 下午 1:30:00,591,595,590,595,15756180
2021/6/7 下午 1:30:00,594,595,583,592,17077625
2021/6/8 下午 1:30:00,590,595,588,589,13396324
2021/6/9 下午 1:30:00,586,588,583,586,20023490
2021/6/10 下午 1:30:00,591,599,587,599,28527745
2021/6/11 下午 1:30:00,602,603,600,602,24227710
2021/6/15 下午 1:30:00,607,609,606,609,26012250
2021/6/16 下午 1:30:00,608,608,605,605,25856919
2021/6/17 下午 1:30:00,601,606,598,606,22872361
2021/6/18 下午 1:30:00,608,608,601,603,32652017
2021/6/21 下午 1:30:00,590,594,583,583,44279632
2021/6/22 下午 1:30:00,585,588,578,578,27823974
2021/6/23 下午 1:30:00,583,598,581,595,34392376
2021/6/24 下午 1:30:00,598,598,588,590,16524230
2021/6/25 下午 1:30:00,598,598,589,591,18841696
2021/6/28 下午 1:30:00,590,590,586,590,15028407
2021/6/29 下午 1:30:00,598,598,591,595,28659610
2021/6/30 下午 1:30:00,599,599,595,595,24883853
2021/7/1 下午 1:30:00,596,597,591,593,18250994
2021/7/2 下午 1:30:00,590,593,587,588,18322419
2021/7/5 下午 1:30:00,588,597,588,591,28836816
2021/7/6 下午 1:30:00,595,596,589,592,12997112
2021/7/7 下午 1:30:00,590,594,588,594,16966158
2021/7/8 下午 1:30:00,595,595,588,588,21140426
2021/7/9 下午 1:30:00,582,585,580,584,29029415
2021/7/12 下午 1:30:00,595,597,590,593,31304547
2021/7/13 下午 1:30:00,600,608,599,607,52540315
2021/7/14 下午 1:30:00,613,615,608,613,38418875
2021/7/15 下午 1:30:00,613,614,608,614,22012834
2021/7/16 下午 1:30:00,591,595,588,589,57970545
2021/7/19 下午 1:30:00,583,584,578,582,40644341
2021/7/20 下午 1:30:00,579,584,579,581,15354333
2021/7/21 下午 1:30:00,586,586,580,585,25828732
2021/7/22 下午 1:30:00,589,594,587,591,26058172
2021/7/23 下午 1:30:00,592,592,583,585,15271451
2021/7/26 下午 1:30:00,591,591,580,580,21619179
2021/7/27 下午 1:30:00,581,584,580,580,17785992
2021/7/28 下午 1:30:00,576,579,573,579,36158305
2021/7/29 下午 1:30:00,585,585,577,583,23224896
2021/7/30 下午 1:30:00,581,582,578,580,18999281
2021/8/2 下午 1:30:00,583,590,580,590,23482491
2021/8/3 下午 1:30:00,594,594,590,594,22747702
2021/8/4 下午 1:30:00,598,598,594,596,20313271
2021/8/5 下午 1:30:00,598,598,593,596,15116242
2021/8/6 下午 1:30:00,596,596,588,591,13687213
2021/8/9 下午 1:30:00,590,595,583,595,17390951
2021/8/10 下午 1:30:00,596,596,589,591,17190865
2021/8/11 下午 1:30:00,590,590,585,590,19969687
2021/8/12 下午 1:30:00,586,588,584,586,15444622
2021/8/13 下午 1:30:00,585,585,579,581,22524428
2021/8/16 下午 1:30:00,582,586,578,584,19315705
2021/8/17 下午 1:30:00,580,582,578,580,31455706
2021/8/18 下午 1:30:00,568,575,566,574,43716164
2021/8/19 下午 1:30:00,573,573,559,559,38868947
2021/8/20 下午 1:30:00,560,563,551,552,45614061
2021/8/23 下午 1:30:00,560,572,559,566,33685159
2021/8/24 下午 1:30:00,574,575,571,572,24844800
2021/8/25 下午 1:30:00,579,585,574,585,27504657
2021/8/26 下午 1:30:00,601,603,591,594,43822008
2021/8/27 下午 1:30:00,596,600,593,599,27105651
2021/8/30 下午 1:30:00,602,605,599,605,36575609
2021/8/31 下午 1:30:00,604,614,598,614,52721470
2021/9/1 下午 1:30:00,614,614,608,613,30092045
2021/9/2 下午 1:30:00,613,615,607,607,24112463
2021/9/3 下午 1:30:00,610,620,610,620,51562454
2021/9/6 下午 1:30:00,623,638,621,631,55589014
2021/9/7 下午 1:30:00,634,634,623,623,26526056
2021/9/8 下午 1:30:00,622,627,612,619,37817737
2021/9/9 下午 1:30:00,612,620,610,619,18735512
2021/9/10 下午 1:30:00,615,623,614,622,16304725
2021/9/13 下午 1:30:00,619,620,613,615,15198774
2021/9/14 下午 1:30:00,618,618,612,613,14441901
2021/9/15 下午 1:30:00,610,613,607,607,23433501
2021/9/16 下午 1:30:00,603,607,599,600,22467022
2021/9/17 下午 1:30:00,600,610,599,600,40717715
2021/9/22 下午 1:30:00,586,589,583,586,40642293
2021/9/23 下午 1:30:00,588,593,588,588,21696296
2021/9/24 下午 1:30:00,591,598,590,598,16736973
2021/9/27 下午 1:30:00,600,602,593,602,19464241
2021/9/28 下午 1:30:00,595,596,592,594,16707080
2021/9/29 下午 1:30:00,580,583,577,580,49310524
2021/9/30 下午 1:30:00,580,585,575,580,30465107
2021/10/1 下午 1:30:00,579,579,571,574,36704493
2021/10/4 下午 1:30:00,574,575,569,572,20957803
2021/10/5 下午 1:30:00,562,572,560,572,33824024
2021/10/6 下午 1:30:00,573,574,565,571,32508846
2021/10/7 下午 1:30:00,575,582,572,580,27933054
2021/10/8 下午 1:30:00,582,583,573,575,18279079
2021/10/12 下午 1:30:00,570,575,564,575,26522907
2021/10/13 下午 1:30:00,572,575,570,571,18914374
2021/10/14 下午 1:30:00,579,579,573,573,13916927
2021/10/15 下午 1:30:00,592,600,586,600,53150216
2021/10/18 下午 1:30:00,604,604,590,590,19158568
2021/10/19 下午 1:30:00,598,600,593,600,17386359
2021/10/20 下午 1:30:00,603,604,597,598,16372520
2021/10/21 下午 1:30:00,602,603,595,596,16169014
2021/10/22 下午 1:30:00,600,602,594,600,13995403
2021/10/25 下午 1:30:00,597,597,590,593,16785568
2021/10/26 下午 1:30:00,595,600,593,599,19998808
2021/10/27 下午 1:30:00,598,599,594,599,14961858
2021/10/28 下午 1:30:00,598,598,591,595,16570044
2021/10/29 下午 1:30:00,595,596,589,590,25763960
2021/11/1 下午 1:30:00,591,593,590,590,16089351
2021/11/2 下午 1:30:00,594,597,590,592,15192404
2021/11/3 下午 1:30:00,597,597,592,592,10224009
2021/11/4 下午 1:30:00,592,594,585,587,17932145
2021/11/5 下午 1:30:00,598,600,595,600,33270827
2021/11/8 下午 1:30:00,600,602,598,602,19752355
2021/11/9 下午 1:30:00,611,617,610,611,39538660
2021/11/10 下午 1:30:00,611,612,608,612,16027674
2021/11/11 下午 1:30:00,600,606,600,606,18463848
2021/11/12 下午 1:30:00,610,611,602,604,15821327
2021/11/15 下午 1:30:00,609,611,607,608,15551452
2021/11/16 下午 1:30:00,612,612,608,610,20917108
2021/11/17 下午 1:30:00,615,615,608,610,19717852
2021/11/18 下午 1:30:00,613,614,607,613,20030651
2021/11/19 下午 1:30:00,622,623,617,618,35554348
2021/11/22 下午 1:30:00,618,618,615,615,20312168
2021/11/23 下午 1:30:00,615,615,611,612,19431694
2021/11/24 下午 1:30:00,612,612,602,603,20391940
2021/11/25 下午 1:30:00,605,607,601,603,11888265
2021/11/26 下午 1:30:00,598,601,592,596,26588102
2021/11/29 下午 1:30:00,594,598,591,593,23379558
2021/11/30 下午 1:30:00,597,600,591,596,62021697
2021/12/1 下午 1:30:00,596,603,594,600,21403404
2021/12/2 下午 1:30:00,605,615,602,615,45125742
2021/12/3 下午 1:30:00,614,614,606,608,23045832
2021/12/6 下午 1:30:00,603,609,600,600,23589363
2021/12/7 下午 1:30:00,602,607,597,607,18606530
2021/12/8 下午 1:30:00,614,614,602,602,20801543
2021/12/9 下午 1:30:00,606,608,602,608,11039070
2021/12/10 下午 1:30:00,605,608,602,605,10497451
2021/12/13 下午 1:30:00,609,610,601,601,17711657
2021/12/14 下午 1:30:00,598,600,597,599,22579034
2021/12/15 下午 1:30:00,597,601,596,600,21827730
2021/12/16 下午 1:30:00,605,605,601,605,21809022
2021/12/17 下午 1:30:00,601,607,599,607,24105733
2021/12/20 下午 1:30:00,607,607,598,598,21381070
2021/12/21 下午 1:30:00,597,600,595,597,17001461
2021/12/22 下午 1:30:00,598,601,598,600,9831802
2021/12/23 下午 1:30:00,607,608,602,606,16654439
2021/12/24 下午 1:30:00,606,609,604,604,11059689
2021/12/27 下午 1:30:00,604,610,604,606,16259872
2021/12/28 下午 1:30:00,610,615,610,615,33892718
2021/12/29 下午 1:30:00,615,619,614,616,24518766
2021/12/30 下午 1:30:00,619,620,615,615,19681276
2022/1/3 下午 1:30:00,619,632,618,631,69089158
2022/1/4 下午 1:30:00,645,656,644,656,79434666
2022/1/5 下午 1:30:00,669,669,646,650,69593809
2022/1/6 下午 1:30:00,638,646,636,644,53210211
2022/1/7 下午 1:30:00,643,646,632,634,38249908
2022/1/10 下午 1:30:00,628,645,627,643,38289770
2022/1/11 下午 1:30:00,646,651,639,651,33196585
2022/1/12 下午 1:30:00,657,660,650,660,38860063
2022/1/13 下午 1:30:00,658,662,655,661,38137411
2022/1/14 下午 1:30:00,673,673,661,672,95200777
2022/1/17 下午 1:30:00,685,688,678,683,59614236
2022/1/18 下午 1:30:00,678,681,662,662,43593330
2022/1/19 下午 1:30:00,652,660,651,654,40381333
2022/1/20 下午 1:30:00,650,657,646,651,46474584
2022/1/21 下午 1:30:00,644,646,637,641,49577684
2022/1/24 下午 1:30:00,639,655,637,653,47134502
2022/1/25 下午 1:30:00,643,645,638,641,52318736
2022/1/26 下午 1:30:00,635,641,635,636,29957189
2022/2/7 下午 1:30:00,644,644,631,635,56836469
2022/2/8 下午 1:30:00,645,645,628,628,39718217
2022/2/9 下午 1:30:00,635,637,630,633,30048791
2022/2/10 下午 1:30:00,639,649,637,649,34587133
2022/2/11 下午 1:30:00,646,650,642,650,26723278
2022/2/14 下午 1:30:00,640,641,635,637,27826382
2022/2/15 下午 1:30:00,633,639,633,633,21970460
2022/2/16 下午 1:30:00,645,646,640,646,25191741
2022/2/17 下午 1:30:00,644,646,641,645,18135080
2022/2/18 下午 1:30:00,638,639,636,637,20804191
2022/2/21 下午 1:30:00,633,636,632,632,23797502
2022/2/22 下午 1:30:00,628,630,625,627,34086593
2022/2/23 下午 1:30:00,624,629,623,625,31953054
2022/2/24 下午 1:30:00,618,619,604,604,73663161
2022/2/25 下午 1:30:00,600,609,600,604,89012516
2022/3/1 下午 1:30:00,599,610,599,604,66720867
2022/3/2 下午 1:30:00,601,605,600,601,40693457
2022/3/3 下午 1:30:00,603,607,601,602,33792420
2022/3/4 下午 1:30:00,595,597,592,595,55917115
2022/3/7 下午 1:30:00,580,581,575,576,86496560
2022/3/8 下午 1:30:00,561,570,561,563,79029914
2022/3/9 下午 1:30:00,567,573,567,568,52155415
2022/3/10 下午 1:30:00,585,589,582,587,45630467
2022/3/11 下午 1:30:00,581,582,574,575,38943098
2022/3/14 下午 1:30:00,574,577,572,572,33919577
2022/3/15 下午 1:30:00,562,563,558,558,74092231
2022/3/16 下午 1:30:00,564,565,555,558,43438327
2022/3/17 下午 1:30:00,578,583,575,582,60959900
2022/3/18 下午 1:30:00,582,582,576,581,46242430
2022/3/21 下午 1:30:00,583,589,583,586,21400273
2022/3/22 下午 1:30:00,577,586,577,583,20246949
2022/3/23 下午 1:30:00,590,590,586,590,25902069
2022/3/24 下午 1:30:00,587,592,585,591,20060758
2022/3/25 下午 1:30:00,597,598,595,598,26122381
2022/3/28 下午 1:30:00,581,586,580,584,26391576
2022/3/29 下午 1:30:00,586,589,584,589,14892032
2022/3/30 下午 1:30:00,599,600,597,600,41230239
2022/3/31 下午 1:30:00,602,602,594,597,22700114
2022/4/1 下午 1:30:00,585,589,584,589,29732696
2022/4/6 下午 1:30:00,578,580,575,578,37645873
2022/4/7 下午 1:30:00,571,573,566,566,42904743
2022/4/8 下午 1:30:00,567,570,566,567,28024587
2022/4/11 下午 1:30:00,563,566,558,558,36820094
2022/4/12 下午 1:30:00,554,564,552,557,30671407
2022/4/13 下午 1:30:00,564,576,563,573,35865970
2022/4/14 下午 1:30:00,577,578,573,573,19056590
2022/4/15 下午 1:30:00,562,566,561,562,28253360
2022/4/18 下午 1:30:00,559,566,558,561,15800959
2022/4/19 下午 1:30:00,566,569,563,565,16614705
2022/4/20 下午 1:30:00,570,570,562,570,27606307
2022/4/21 下午 1:30:00,571,571,565,565,18383650
2022/4/22 下午 1:30:00,558,559,557,558,29283846
2022/4/25 下午 1:30:00,550,552,546,547,43389591
2022/4/26 下午 1:30:00,550,551,544,546,35825421
2022/4/27 下午 1:30:00,530,532,526,526,55941533
2022/4/28 下午 1:30:00,530,532,523,531,45380836
2022/4/29 下午 1:30:00,547,547,535,538,36664644
2022/5/3 下午 1:30:00,538,540,530,531,26317509
2022/5/4 下午 1:30:00,533,537,530,534,16569622
2022/5/5 下午 1:30:00,543,544,539,542,20374772
2022/5/6 下午 1:30:00,528,531,526,528,32467268
2022/5/9 下午 1:30:00,523,524,520,520,23709774
2022/5/10 下午 1:30:00,506,519,505,518,41679907
2022/5/11 下午 1:30:00,518,526,518,521,27157254
2022/5/12 下午 1:30:00,516,518,505,505,32532963
2022/5/13 下午 1:30:00,507,514,506,511,29074177
2022/5/16 下午 1:30:00,521,524,518,520,21163106
2022/5/17 下午 1:30:00,521,533,520,530,24496974
2022/5/18 下午 1:30:00,541,541,534,538,30568176
2022/5/19 下午 1:30:00,523,527,520,522,29019751
2022/5/20 下午 1:30:00,524,532,523,530,22651205
2022/5/23 下午 1:30:00,533,534,528,528,17054170
2022/5/24 下午 1:30:00,530,531,520,520,17802308
2022/5/25 下午 1:30:00,522,529,520,524,22176476
2022/5/26 下午 1:30:00,523,525,513,514,28327403
2022/5/27 下午 1:30:00,524,530,522,530,27866643
2022/5/30 下午 1:30:00,538,547,537,547,34476433
2022/5/31 下午 1:30:00,542,560,540,560,72405873
2022/6/1 下午 1:30:00,550,555,548,549,29155176
2022/6/2 下午 1:30:00,544,545,540,540,21420890
2022/6/6 下午 1:30:00,541,544,538,540,17615003
2022/6/7 下午 1:30:00,535,538,532,535,19497532
2022/6/8 下午 1:30:00,539,545,538,544,18835521
2022/6/9 下午 1:30:00,538,542,537,541,16338602
2022/6/10 下午 1:30:00,530,533,529,530,21357130
2022/6/13 下午 1:30:00,518,519,515,516,32854092
2022/6/14 下午 1:30:00,507,514,507,513,36304444
2022/6/15 下午 1:30:00,508,515,508,509,35680283
2022/6/16 下午 1:30:00,515,516,507,508,26909199
2022/6/17 下午 1:30:00,499.5,503,499,501,43566737
2022/6/20 下午 1:30:00,500,502,495,498,34209693
2022/6/21 下午 1:30:00,501,505,499,505,33223685
2022/6/22 下午 1:30:00,501,503,494.5,494.5,31034893
2022/6/23 下午 1:30:00,492,493.5,485,485.5,43548940
2022/6/24 下午 1:30:00,489.5,492.5,485.5,486.5,27911980
2022/6/27 下午 1:30:00,496,506,495.5,498.5,37909718
2022/6/28 下午 1:30:00,496,500,496,497.5,15274062
2022/6/29 下午 1:30:00,496,498.5,491,491,30533789
2022/6/30 下午 1:30:00,484.5,486.5,476,476,46311432
2022/7/1 下午 1:30:00,471.5,474,452.5,453.5,61744377
2022/7/4 下午 1:30:00,443,451.5,440,440,52445919
2022/7/5 下午 1:30:00,449.5,451.5,433,446,50084244
2022/7/6 下午 1:30:00,442,447.5,435,435.5,40549763
2022/7/7 下午 1:30:00,442,459,438.5,457.5,48151202
2022/7/8 下午 1:30:00,470,470.5,461.5,467,37897895
2022/7/11 下午 1:30:00,468,470.5,461,462,21941710
2022/7/12 下午 1:30:00,458,458,449.5,449.5,23036423
2022/7/13 下午 1:30:00,470.5,473,466,470.5,44035695
2022/7/14 下午 1:30:00,466,477.5,463,475,31936258
2022/7/15 下午 1:30:00,481,494,477,492.5,51846909
2022/7/18 下午 1:30:00,495.5,498.5,488.5,495.5,39179575
2022/7/19 下午 1:30:00,487.5,493,486.5,491,19874865
2022/7/20 下午 1:30:00,502,503,491.5,495,35436652
2022/7/21 下午 1:30:00,496,501,494,501,22285593
2022/7/22 下午 1:30:00,505,505,500,503,25216400
2022/7/25 下午 1:30:00,500,503,498,499.5,15245346
2022/7/26 下午 1:30:00,499.5,499.5,491,495,18024265
2022/7/27 下午 1:30:00,494,502,491,502,17166365
2022/7/28 下午 1:30:00,509,509,499,501,33844011
2022/7/29 下午 1:30:00,508,510,504,509,29045617
2022/8/1 下午 1:30:00,506,508,500,504,24117969
2022/8/2 下午 1:30:00,494,496,488.5,492,39838155
2022/8/3 下午 1:30:00,494,501,493,501,27603474
2022/8/4 下午 1:30:00,499,503,495,500,26027618
2022/8/5 下午 1:30:00,509,516,507,516,32784279
2022/8/8 下午 1:30:00,510,515,509,512,19333128
2022/8/9 下午 1:30:00,507,511,504,510,21164373
2022/8/10 下午 1:30:00,500,503,499.5,500,20861380
2022/8/11 下午 1:30:00,513,514,510,514,23740033
2022/8/12 下午 1:30:00,515,518,514,517,19535923
2022/8/15 下午 1:30:00,520,524,519,523,21273166
2022/8/16 下午 1:30:00,526,526,523,525,20720414
2022/8/17 下午 1:30:00,524,527,521,527,27143102
2022/8/18 下午 1:30:00,520,521,519,520,17831084
2022/8/19 下午 1:30:00,519,523,517,519,14022812
2022/8/22 下午 1:30:00,511,514,510,510,20878811
2022/8/23 下午 1:30:00,503,506,502,504,19191108
2022/8/24 下午 1:30:00,504,508,503,503,14363212
2022/8/25 下午 1:30:00,505,510,504,508,9357138
2022/8/26 下午 1:30:00,513,515,511,512,12914846
2022/8/29 下午 1:30:00,497,502,496,498.5,26590824
2022/8/30 下午 1:30:00,497.5,500,496,496,24214535
2022/8/31 下午 1:30:00,492,505,492,505,39357089
2022/9/1 下午 1:30:00,495,495.5,490,490.5,39168672
2022/9/2 下午 1:30:00,488,489.5,485,485,29982959
2022/9/5 下午 1:30:00,485,488,484,486,15903415
2022/9/6 下午 1:30:00,488.5,491.5,486.5,489,16700285
2022/9/7 下午 1:30:00,477,478,472,472.5,34678562
2022/9/8 下午 1:30:00,473,475,472,475,27931552
2022/9/12 下午 1:30:00,485,491,485,486.5,21597212
2022/9/13 下午 1:30:00,495,495,491,493,16507036
2022/9/14 下午 1:30:00,478.5,482.5,476,480,22645714
2022/9/15 下午 1:30:00,476,480,476,476.5,23104850
2022/9/16 下午 1:30:00,470.5,472,469,472,39087513
2022/9/19 下午 1:30:00,472,473,466.5,467,17182380
2022/9/20 下午 1:30:00,470.5,478,470,476.5,19842582
2022/9/21 下午 1:30:00,473.5,475.5,468.5,471,24154633
2022/9/22 下午 1:30:00,462,468,459,464.5,29702508
2022/9/23 下午 1:30:00,458.5,460.5,455,455,29757787
2022/9/26 下午 1:30:00,443,454,443,446.5,32342267
2022/9/27 下午 1:30:00,449,451.5,446,448,24961404
2022/9/28 下午 1:30:00,447,449,438,438,34402652
2022/9/29 下午 1:30:00,443,443.5,432,435,41094780
2022/9/30 下午 1:30:00,424.5,427.5,422,422,48266800
2022/10/3 下午 1:30:00,418.5,424.5,416.5,417,36044395
2022/10/4 下午 1:30:00,429.5,432,427,429,40375000
2022/10/5 下午 1:30:00,444.5,451,442,445,46496536
2022/10/6 下午 1:30:00,450.5,451,447,451,30331834
2022/10/7 下午 1:30:00,448.5,448.5,437,438,31941781
2022/10/11 下午 1:30:00,408,412.5,401,401.5,95793819
2022/10/12 下午 1:30:00,397,400,395.5,397.5,53570085
2022/10/13 下午 1:30:00,400.5,403,395,395,38046284
2022/10/14 下午 1:30:00,414.5,416,409,412,54504366
2022/10/17 下午 1:30:00,400,403.5,396,397,41512192
2022/10/18 下午 1:30:00,406.5,407,399.5,407,40093216
2022/10/19 下午 1:30:00,404,405,395.5,395.5,46385177
2022/10/20 下午 1:30:00,391,397.5,386,397.5,52938069
2022/10/21 下午 1:30:00,395.5,398.5,389.5,389.5,35923505
2022/10/24 下午 1:30:00,395,397.5,387,387,46714078
2022/10/25 下午 1:30:00,380,382.5,371,371,76416687
2022/10/26 下午 1:30:00,370.5,379,370,376,58850484
2022/10/27 下午 1:30:00,384.5,389,382.5,385.5,45684455
2022/10/28 下午 1:30:00,379.5,382,375,379.5,40184472
2022/10/31 下午 1:30:00,386,390,381,390,38409054
2022/11/1 下午 1:30:00,388.5,393,386,391.5,41426496
2022/11/2 下午 1:30:00,391,395,388.5,395,22535650
2022/11/3 下午 1:30:00,385,387,383.5,384,39731333
2022/11/4 下午 1:30:00,381,384.5,378.5,382,28397417
2022/11/7 下午 1:30:00,390,393,387,390,35387706
2022/11/8 下午 1:30:00,395,399.5,394,399,31838223
2022/11/9 下午 1:30:00,403.5,417,403.5,417,52260831
2022/11/10 下午 1:30:00,409,411.5,406,407.5,32044942
2022/11/11 下午 1:30:00,441.5,442,435,441.5,80016195
2022/11/14 下午 1:30:00,450,450,441.5,445,61933190
2022/11/15 下午 1:30:00,465,487,462,480,113379796
2022/11/16 下午 1:30:00,491.5,494,481.5,487,85726375
2022/11/17 下午 1:30:00,482.5,485,475,485,45144984
2022/11/18 下午 1:30:00,491.5,494,486,487,35859717
2022/11/21 下午 1:30:00,487.5,489.5,480.5,482,29710180
2022/11/22 下午 1:30:00,476,491,476,491,37343127
2022/11/23 下午 1:30:00,494.5,496,488.5,492,33475337
2022/11/24 下午 1:30:00,494,496,492,496,27396552
2022/11/25 下午 1:30:00,494,498,494,498,39949969
2022/11/28 下午 1:30:00,486,490,480.5,480.5,38926919
2022/11/29 下午 1:30:00,473.5,488,473,487,38182197
2022/11/30 下午 1:30:00,483,490,482.5,490,57111603
2022/12/1 下午 1:30:00,506,508,498.5,498.5,41746878
2022/12/2 下午 1:30:00,490,497,490,492.5,28319679
2022/12/5 下午 1:30:00,491.5,497.5,489,489,28360444
2022/12/6 下午 1:30:00,488,489,478,478,40561068
2022/12/7 下午 1:30:00,477,485.5,475,475,36563503
2022/12/8 下午 1:30:00,475,475,467,471.5,27238567
2022/12/9 下午 1:30:00,478,484.5,476,481.5,25915337
2022/12/12 下午 1:30:00,476.5,478,473.5,475,20973334
2022/12/13 下午 1:30:00,473,476,471,471.5,33272826
2022/12/14 下午 1:30:00,472,480.5,472,480.5,30636639
2022/12/15 下午 1:30:00,476,481.5,474.5,480.5,24222008
2022/12/16 下午 1:30:00,466.5,471,465.5,471,47601400
2022/12/19 下午 1:30:00,466.5,469.5,465,466.5,21075559
2022/12/20 下午 1:30:00,465,467,455,457.5,31139235
2022/12/21 下午 1:30:00,460,463,457,459,36182644
2022/12/22 下午 1:30:00,466.5,469,464,468,14047382
2022/12/23 下午 1:30:00,457.5,458.5,455,455,24927413
2022/12/26 下午 1:30:00,454,457,453.5,456.5,8793306
2022/12/27 下午 1:30:00,458,462.5,457,457,10264001
2022/12/28 下午 1:30:00,451,452,446,451,32578949
2022/12/29 下午 1:30:00,444,449.5,442.5,446,23020759
2022/12/30 下午 1:30:00,455,456.5,448.5,448.5,21683478
2023/1/3 下午 1:30:00,446,453.5,443,453,14885824
2023/1/4 下午 1:30:00,449.5,455,448.5,449.5,19188422
2023/1/5 下午 1:30:00,459,459.5,455,458.5,23549581
2023/1/6 下午 1:30:00,455,459.5,455,458.5,20886011
2023/1/9 下午 1:30:00,468,481,467.5,481,46666263
2023/1/10 下午 1:30:00,486,487,483,486,32646014
2023/1/11 下午 1:30:00,487,488,482,484.5,21051115
2023/1/12 下午 1:30:00,487.5,488,484,486.5,20963689
2023/1/13 下午 1:30:00,507,509,499,500,77606949
2023/1/16 下午 1:30:00,506,508,503,505,34373918
2023/1/17 下午 1:30:00,504,504,499.5,503,27770329
2023/1/30 下午 1:30:00,542,543,534,543,124428936
2023/1/31 下午 1:30:00,537,538,521,522,72530854
2023/2/1 下午 1:30:00,532,533,522,530,33710990
2023/2/2 下午 1:30:00,538,542,537,540,43077053
2023/2/3 下午 1:30:00,540,542,536,542,31635865
2023/2/6 下午 1:30:00,532,533,526,526,30870136
2023/2/7 下午 1:30:00,524,528,522,523,23481767
2023/2/8 下午 1:30:00,538,540,534,540,35096191
2023/2/9 下午 1:30:00,540,540,536,540,18861972
2023/2/10 下午 1:30:00,544,546,541,545,28495684
2023/2/13 下午 1:30:00,544,544,538,541,22768977
2023/2/14 下午 1:30:00,544,546,543,545,21883297
2023/2/15 下午 1:30:00,526,532,522,525,61796793
2023/2/16 下午 1:30:00,528,531,524,528,29975138
2023/2/17 下午 1:30:00,524,524,516,518,28121975
2023/2/20 下午 1:30:00,514,519,511,517,20065156
2023/2/21 下午 1:30:00,515,517,513,516,13504100
2023/2/22 下午 1:30:00,506,509,505,507,24575245
2023/2/23 下午 1:30:00,512,521,510,518,25376835
2023/2/24 下午 1:30:00,524,525,511,511,41692491
2023/3/1 下午 1:30:00,504,522,504,522,39560848
2023/3/2 下午 1:30:00,519,520,515,519,16558784
2023/3/3 下午 1:30:00,524,525,516,516,23253895
2023/3/6 下午 1:30:00,520,524,517,521,21922085
2023/3/7 下午 1:30:00,521,526,519,524,24861078
2023/3/8 下午 1:30:00,521,523,518,521,24512408
2023/3/9 下午 1:30:00,525,526,522,522,21557577
2023/3/10 下午 1:30:00,515,516,511,513,24045605
2023/3/13 下午 1:30:00,513,518,509,516,21466947
2023/3/14 下午 1:30:00,511,514,510,510,20474770
2023/3/15 下午 1:30:00,515,516,510,511,23208597
2023/3/16 下午 1:30:00,505,510,504,505,21965994
2023/3/17 下午 1:30:00,516,518,513,518,33118483
2023/3/20 下午 1:30:00,517,518,510,512,11837312
2023/3/21 下午 1:30:00,515,517,512,517,18284799
2023/3/22 下午 1:30:00,524,533,524,533,42385987
2023/3/23 下午 1:30:00,528,539,528,538,26728246
2023/3/24 下午 1:30:00,536,539,535,539,21926240
2023/3/27 下午 1:30:00,533,536,531,531,16111177
2023/3/28 下午 1:30:00,525,530,524,525,17234120
2023/3/29 下午 1:30:00,533,533,525,530,17280749
2023/3/30 下午 1:30:00,536,537,531,535,19201564
2023/3/31 下午 1:30:00,538,538,532,533,23558838
2023/4/6 下午 1:30:00,530,531,526,530,25423363
2023/4/7 下午 1:30:00,535,535,529,531,8557482
2023/4/10 下午 1:30:00,533,533,528,529,7435151
2023/4/11 下午 1:30:00,522,527,522,524,22675697
2023/4/12 下午 1:30:00,523,524,517,520,23816473
2023/4/13 下午 1:30:00,515,517,510,510,25536889
2023/4/14 下午 1:30:00,516,520,513,516,18072504
2023/4/17 下午 1:30:00,519,520,514,520,14634287
2023/4/18 下午 1:30:00,518,520,514,515,15168888
2023/4/19 下午 1:30:00,517,518,509,510,21123233
2023/4/20 下午 1:30:00,512,516,510,513,17221961
2023/4/21 下午 1:30:00,520,520,510,511,25016683
2023/4/24 下午 1:30:00,505,510,504,507,16886512
2023/4/25 下午 1:30:00,504,505,498,498,36898412
2023/4/26 下午 1:30:00,498,498.5,491,491.5,31269245
2023/4/27 下午 1:30:00,491,495,489,493.5,29537148
2023/4/28 下午 1:30:00,498.5,502,498,502,24824100
2023/5/2 下午 1:30:00,500,502,496.5,501,15325791
2023/5/3 下午 1:30:00,496,498,495,496,11369311
2023/5/4 下午 1:30:00,497,499.5,496,498,13140291
2023/5/5 下午 1:30:00,500,502,498.5,500,7488897
2023/5/8 下午 1:30:00,509,509,502,504,11243634
2023/5/9 下午 1:30:00,507,510,505,510,16197743
2023/5/10 下午 1:30:00,508,508,500,503,18859212
2023/5/11 下午 1:30:00,506,506,498.5,499,13382927
2023/5/12 下午 1:30:00,496,500,495,496,18465362
2023/5/15 下午 1:30:00,497,499.5,494.5,495.5,13315766
2023/5/16 下午 1:30:00,503,508,500,505,21140315
2023/5/17 下午 1:30:00,508,521,506,519,41406763
2023/5/18 下午 1:30:00,533,536,526,530,43096277
2023/5/19 下午 1:30:00,535,535,529,532,32099068
2023/5/22 下午 1:30:00,532,533,529,531,17208135
2023/5/23 下午 1:30:00,530,531,525,530,19588873
2023/5/24 下午 1:30:00,527,528,524,525,19086681
2023/5/25 下午 1:30:00,542,545,537,543,63827245
2023/5/26 下午 1:30:00,568,568,563,566,95808471
2023/5/29 下午 1:30:00,574,574,564,568,54657853
2023/5/30 下午 1:30:00,566,568,563,566,40136130
2023/5/31 下午 1:30:00,560,562,551,558,81176782
2023/6/1 下午 1:30:00,550,554,550,551,24477529
2023/6/2 下午 1:30:00,559,564,557,562,30206141
2023/6/5 下午 1:30:00,560,560,555,555,16827391
2023/6/6 下午 1:30:00,554,562,553,560,20228086
2023/6/7 下午 1:30:00,561,568,560,568,27604813
2023/6/8 下午 1:30:00,562,568,555,559,23080195
2023/6/9 下午 1:30:00,561,566,561,565,19091713
2023/6/12 下午 1:30:00,574,574,571,574,26392389
2023/6/13 下午 1:30:00,593,594,589,593,56174363
2023/6/14 下午 1:30:00,590,591,587,590,23583314
2023/6/15 下午 1:30:00,590,593,587,591,27392154
2023/6/16 下午 1:30:00,590,590,584,589,38128802
2023/6/19 下午 1:30:00,583,585,582,583,14346885
2023/6/20 下午 1:30:00,579,585,579,583,16221413
2023/6/21 下午 1:30:00,582,585,578,581,21703937
2023/6/26 下午 1:30:00,576,578,574,574,27142262
2023/6/27 下午 1:30:00,570,575,569,572,21501718
2023/6/28 下午 1:30:00,579,579,571,574,18175426
2023/6/29 下午 1:30:00,578,580,570,573,16937929
2023/6/30 下午 1:30:00,570,576,568,576,22654976
2023/7/3 下午 1:30:00,578,580,576,579,14785585
2023/7/4 下午 1:30:00,585,585,580,585,17219541
2023/7/5 下午 1:30:00,589,589,579,582,14913592
2023/7/6 下午 1:30:00,573,574,565,565,28564891
2023/7/7 下午 1:30:00,565,572,563,565,18796190
2023/7/10 下午 1:30:00,567,573,565,565,18454982
2023/7/11 下午 1:30:00,574,577,570,577,17850636
2023/7/12 下午 1:30:00,574,578,572,578,15588228
2023/7/13 下午 1:30:00,587,590,585,585,25442137
2023/7/14 下午 1:30:00,589,591,587,591,23121873
2023/7/17 下午 1:30:00,588,591,587,591,13807834
2023/7/18 下午 1:30:00,587,588,580,581,20932006
2023/7/19 下午 1:30:00,584,587,579,581,22499123
2023/7/20 下午 1:30:00,580,584,578,579,15108109
2023/7/21 下午 1:30:00,560,563,557,560,46711021
2023/7/24 下午 1:30:00,557,563,557,558,25268835
2023/7/25 下午 1:30:00,561,569,561,569,19590349
2023/7/26 下午 1:30:00,569,571,563,566,13314305
2023/7/27 下午 1:30:00,570,570,566,569,12200358
2023/7/28 下午 1:30:00,569,573,565,567,18540078
2023/7/31 下午 1:30:00,575,575,560,565,24208467
2023/8/1 下午 1:30:00,565,568,564,567,16259643
2023/8/2 下午 1:30:00,567,569,558,561,25583234
2023/8/4 下午 1:30:00,556,560,552,554,26279173
2023/8/7 下午 1:30:00,558,561,556,558,14369551
2023/8/8 下午 1:30:00,558,558,551,552,19010690
2023/8/9 下午 1:30:00,550,557,550,554,14389090
2023/8/10 下午 1:30:00,552,554,550,551,17892615
2023/8/11 下午 1:30:00,556,558,546,546,17608427
2023/8/14 下午 1:30:00,540,543,537,541,20939030
2023/8/15 下午 1:30:00,543,545,540,542,14066307
2023/8/16 下午 1:30:00,541,543,536,542,28269840
2023/8/17 下午 1:30:00,540,546,537,544,22843138
2023/8/18 下午 1:30:00,540,544,539,539,17592345
2023/8/21 下午 1:30:00,544,544,534,537,16633821
2023/8/22 下午 1:30:00,544,544,538,541,14594304
2023/8/23 下午 1:30:00,546,552,544,552,20636332
2023/8/24 下午 1:30:00,563,564,558,564,23280827
2023/8/25 下午 1:30:00,549,551,546,546,24144537
2023/8/28 下午 1:30:00,547,553,547,549,8991985
2023/8/29 下午 1:30:00,551,553,546,552,10516678
2023/8/30 下午 1:30:00,558,560,554,555,15117416
2023/8/31 下午 1:30:00,553,556,548,549,40431378
2023/9/1 下午 1:30:00,543,553,543,548,13669766
2023/9/4 下午 1:30:00,549,557,549,557,9531157
2023/9/5 下午 1:30:00,553,555,550,552,12220686
2023/9/6 下午 1:30:00,556,556,550,550,14067008
2023/9/7 下午 1:30:00,546,548,542,542,20717005
2023/9/8 下午 1:30:00,535,540,535,539,15283568
2023/9/11 下午 1:30:00,539,540,536,536,14631968
2023/9/12 下午 1:30:00,536,545,536,544,16028336
2023/9/13 下午 1:30:00,545,548,541,541,16191392
2023/9/14 下午 1:30:00,544,550,543,550,17144287
2023/9/15 下午 1:30:00,549,558,547,558,42517441
2023/9/18 下午 1:30:00,548,549,540,540,36684692
2023/9/19 下午 1:30:00,539,543,538,538,18901683
2023/9/20 下午 1:30:00,536,538,535,535,24635567
2023/9/21 下午 1:30:00,530,531,526,527,32012694
2023/9/22 下午 1:30:00,523,525,522,522,29049309
2023/9/25 下午 1:30:00,522,529,522,525,17116402
2023/9/26 下午 1:30:00,521,524,519,519,26392692
2023/9/27 下午 1:30:00,517,523,516,522,16846401
2023/9/28 下午 1:30:00,523,525,520,523,19733331
2023/10/2 下午 1:30:00,530,534,528,533,25427911
2023/10/3 下午 1:30:00,528,533,528,529,14490129
2023/10/4 下午 1:30:00,521,523,519,520,28358964
2023/10/5 下午 1:30:00,523,529,523,528,24945684
2023/10/6 下午 1:30:00,530,533,529,532,15336587
2023/10/11 下午 1:30:00,542,544,540,544,46639969
2023/10/12 下午 1:30:00,545,550,544,550,34161176
2023/10/13 下午 1:30:00,550,554,548,553,31123496
2023/10/16 下午 1:30:00,546,547,542,545,19875676
2023/10/17 下午 1:30:00,550,552,548,551,18364998
2023/10/18 下午 1:30:00,549,549,540,540,26418940
2023/10/19 下午 1:30:00,540,548,540,546,22881262
2023/10/20 下午 1:30:00,549,556,546,556,45984177
2023/10/23 下午 1:30:00,552,553,543,544,22747367
2023/10/24 下午 1:30:00,543,546,540,544,15007814
2023/10/25 下午 1:30:00,544,551,544,544,16526355
2023/10/26 下午 1:30:00,530,535,530,531,28188348
2023/10/27 下午 1:30:00,534,536,532,533,15679643
2023/10/30 下午 1:30:00,531,534,528,532,21404842
2023/10/31 下午 1:30:00,535,535,527,529,25667058
2023/11/1 下午 1:30:00,533,533,527,528,13603347
2023/11/2 下午 1:30:00,536,547,535,547,29401438
2023/11/3 下午 1:30:00,547,549,545,549,15426176
2023/11/6 下午 1:30:00,553,556,550,550,29215201
2023/11/7 下午 1:30:00,552,555,550,555,14777790
2023/11/8 下午 1:30:00,550,557,550,556,15314834
2023/11/9 下午 1:30:00,551,557,551,557,13165684
2023/11/10 下午 1:30:00,555,557,554,557,12994933
2023/11/13 下午 1:30:00,579,580,571,571,43866014
2023/11/14 下午 1:30:00,576,576,571,572,21568576
2023/11/15 下午 1:30:00,583,583,575,581,50305088
2023/11/16 下午 1:30:00,581,583,578,583,28291435
2023/11/17 下午 1:30:00,579,583,579,580,22031704
2023/11/20 下午 1:30:00,576,579,575,577,22010114
2023/11/21 下午 1:30:00,582,585,581,585,35921706
2023/11/22 下午 1:30:00,576,579,574,577,21969125
2023/11/23 下午 1:30:00,574,578,574,578,14486134
2023/11/24 下午 1:30:00,577,578,574,575,10058969
2023/11/27 下午 1:30:00,573,577,568,568,18528520
2023/11/28 下午 1:30:00,565,576,565,575,26343906
2023/11/29 下午 1:30:00,578,579,570,574,24868842
2023/11/30 下午 1:30:00,576,577,570,577,47192647
2023/12/1 下午 1:30:00,573,579,573,579,28051165
2023/12/4 下午 1:30:00,582,582,571,574,26847171
2023/12/5 下午 1:30:00,571,572,567,570,22229723
2023/12/6 下午 1:30:00,568,575,568,570,21518089
2023/12/7 下午 1:30:00,570,573,566,566,20840397
2023/12/8 下午 1:30:00,574,577,570,570,33507214
2023/12/11 下午 1:30:00,572,575,570,574,27378610
2023/12/12 下午 1:30:00,580,581,575,578,29403010
2023/12/13 下午 1:30:00,576,579,576,577,22977731
2023/12/14 下午 1:30:00,581,582,579,582,39409958
2023/12/15 下午 1:30:00,585,586,580,585,54323262
2023/12/18 下午 1:30:00,579,585,577,585,26122277
2023/12/19 下午 1:30:00,588,588,580,585,28254292
2023/12/20 下午 1:30:00,587,587,583,585,38121456
2023/12/21 下午 1:30:00,577,579,575,577,24923414
2023/12/22 下午 1:30:00,582,582,579,582,18690214
2023/12/25 下午 1:30:00,582,585,580,581,9548143
2023/12/26 下午 1:30:00,583,586,582,586,16094308
2023/12/27 下午 1:30:00,587,592,586,592,33401336
2023/12/28 下午 1:30:00,592,593,589,593,25514849
2023/12/29 下午 1:30:00,589,593,589,593,18416318
2024/1/2 下午 1:30:00,590,593,589,593,26059058
2024/1/3 下午 1:30:00,584,585,576,578,37106763
2024/1/4 下午 1:30:00,580,581,577,580,15309129
2024/1/5 下午 1:30:00,578,580,574,576,18158971
2024/1/8 下午 1:30:00,582,585,579,583,17761275
2024/1/9 下午 1:30:00,588,589,583,586,22501510
2024/1/10 下午 1:30:00,581,586,580,584,13037716
2024/1/11 下午 1:30:00,586,589,583,586,23997409
2024/1/12 下午 1:30:00,581,588,581,584,16496053
2024/1/15 下午 1:30:00,590,590,585,586,21143076
2024/1/16 下午 1:30:00,581,588,579,580,27223860
2024/1/17 下午 1:30:00,583,584,578,581,42592335
2024/1/18 下午 1:30:00,586,589,585,588,27209996
2024/1/19 下午 1:30:00,625,627,614,626,161106401
2024/1/22 下午 1:30:00,633,633,623,626,65168775
2024/1/23 下午 1:30:00,629,629,622,628,41072439
2024/1/24 下午 1:30:00,628,630,624,627,26635005
2024/1/25 下午 1:30:00,635,642,633,642,52243347
2024/1/26 下午 1:30:00,644,646,639,644,41153025
2024/1/29 下午 1:30:00,646,648,644,648,27825490
2024/1/30 下午 1:30:00,642,647,642,642,36161825
2024/1/31 下午 1:30:00,634,637,626,628,41277950
2024/2/1 下午 1:30:00,625,628,619,628,44946369
2024/2/2 下午 1:30:00,633,635,628,635,26334815
2024/2/5 下午 1:30:00,645,647,638,646,44017740
2024/2/15 下午 1:30:00,709,709,693,697,112945296
2024/2/16 下午 1:30:00,697,699,683,683,44232811
2024/2/19 下午 1:30:00,674,682,674,678,34408673
2024/2/20 下午 1:30:00,675,688,675,687,30166461
2024/2/21 下午 1:30:00,678,683,678,681,30564485
2024/2/22 下午 1:30:00,695,695,685,692,33145643
2024/2/23 下午 1:30:00,701,703,696,697,46448923
2024/2/26 下午 1:30:00,700,700,695,698,28798079
2024/2/27 下午 1:30:00,700,701,691,698,33006829
2024/2/29 下午 1:30:00,691,698,688,690,54368302
2024/3/1 下午 1:30:00,697,697,688,689,23390635
2024/3/4 下午 1:30:00,714,725,711,725,88861397
2024/3/5 下午 1:30:00,735,738,728,730,64403889
2024/3/6 下午 1:30:00,718,738,717,735,43687122
2024/3/7 下午 1:30:00,755,769,754,760,71817344
2024/3/8 下午 1:30:00,795,796,772,784,87139744
2024/3/11 下午 1:30:00,768,778,761,766,64759810
2024/3/12 下午 1:30:00,757,771,754,770,58110339
2024/3/13 下午 1:30:00,785,785,777,779,36754557
2024/3/14 下午 1:30:00,779,785,770,784,42010806
2024/3/15 下午 1:30:00,771,777,753,753,73316437
2024/3/18 下午 1:30:00,754,765,754,764,43589856
2024/3/19 下午 1:30:00,758,765,755,762,30152375
2024/3/20 下午 1:30:00,764,769,752,758,41280325
2024/3/21 下午 1:30:00,773,784,772,784,46026103
2024/3/22 下午 1:30:00,788,789,775,785,30660820
2024/3/25 下午 1:30:00,783,788,779,780,19877101
2024/3/26 下午 1:30:00,788,792,776,782,40990702
2024/3/27 下午 1:30:00,785,785,779,779,18794479
2024/3/28 下午 1:30:00,774,776,768,769,27190918
2024/3/29 下午 1:30:00,769,781,768,779,18369051
2024/4/1 下午 1:30:00,783,783,769,770,21041261
2024/4/2 下午 1:30:00,784,790,783,790,37974481
2024/4/3 下午 1:30:00,783,785,778,780,30890544
2024/4/8 下午 1:30:00,789,792,783,783,32202226
2024/4/9 下午 1:30:00,795,820,792,819,56857731
2024/4/10 下午 1:30:00,815,819,810,815,27480849
2024/4/11 下午 1:30:00,811,820,811,820,25200651
2024/4/12 下午 1:30:00,823,826,817,818,31508936
2024/4/15 下午 1:30:00,804,812,803,806,38913470
2024/4/16 下午 1:30:00,802,803,785,788,49508969
2024/4/17 下午 1:30:00,798,808,793,804,34472074
2024/4/18 下午 1:30:00,796,810,792,804,43598591
2024/4/19 下午 1:30:00,769,770,746,750,130968654
2024/4/22 下午 1:30:00,740,757,740,742,46540798
2024/4/23 下午 1:30:00,761,761,752,754,30423647
2024/4/24 下午 1:30:00,770,785,769,783,39457128
2024/4/25 下午 1:30:00,770,774,765,766,28534926
2024/4/26 下午 1:30:00,788,789,782,782,32571247
2024/4/29 下午 1:30:00,790,795,787,795,26765837
2024/4/30 下午 1:30:00,797,802,790,790,39051972
2024/5/2 下午 1:30:00,789,789,772,772,40527228
2024/5/3 下午 1:30:00,788,788,773,780,29901556
2024/5/6 下午 1:30:00,791,793,786,786,32599878
2024/5/7 下午 1:30:00,797,800,792,800,33890214
2024/5/8 下午 1:30:00,794,802,792,802,21757193
2024/5/9 下午 1:30:00,798,802,796,796,21923999
2024/5/10 下午 1:30:00,803,807,798,802,25101318
2024/5/13 下午 1:30:00,823,825,818,819,34812619
2024/5/14 下午 1:30:00,816,825,811,825,28691846
2024/5/15 下午 1:30:00,838,844,837,839,39467772
2024/5/16 下午 1:30:00,852,856,837,841,43927195
2024/5/17 下午 1:30:00,848,848,834,835,26207289
2024/5/20 下午 1:30:00,834,838,822,835,28808661
2024/5/21 下午 1:30:00,830,841,830,841,19705349
2024/5/22 下午 1:30:00,845,865,843,864,36628342
2024/5/23 下午 1:30:00,875,877,867,875,37266618
2024/5/24 下午 1:30:00,858,872,858,867,34136382
2024/5/27 下午 1:30:00,872,878,866,869,26726954
2024/5/28 下午 1:30:00,867,873,865,865,25329216
2024/5/29 下午 1:30:00,861,868,856,857,33436835
2024/5/30 下午 1:30:00,841,848,838,838,38065102
2024/5/31 下午 1:30:00,838,846,821,821,77438401
2024/6/3 下午 1:30:00,839,853,837,846,28345488
2024/6/4 下午 1:30:00,844,851,837,839,28223635
2024/6/5 下午 1:30:00,841,857,835,854,31975446
2024/6/6 下午 1:30:00,893,899,885,894,62925136
2024/6/7 下午 1:30:00,885,888,879,879,41075399
2024/6/11 下午 1:30:00,892,895,883,883,48228488
2024/6/12 下午 1:30:00,888,914,888,909,48106925
2024/6/13 下午 1:30:00,923,935,911,919,55857091
2024/6/14 下午 1:30:00,916,922,905,922,38408123
2024/6/17 下午 1:30:00,913,925,913,921,26292426
2024/6/18 下午 1:30:00,944,950,940,943,37876013
2024/6/19 下午 1:30:00,953,984,953,981,72228052
2024/6/20 下午 1:30:00,971,981,971,981,48225374
2024/6/21 下午 1:30:00,961,978,960,970,88376132
2024/6/24 下午 1:30:00,958,960,940,940,66391994
2024/6/25 下午 1:30:00,925,945,923,945,57368432
2024/6/26 下午 1:30:00,951,960,951,960,44967166
2024/6/27 下午 1:30:00,951,961,949,960,39729446
2024/6/28 下午 1:30:00,956,971,955,966,39138210
2024/7/1 下午 1:30:00,968,977,965,968,19935737
2024/7/2 下午 1:30:00,967,971,959,960,25427569
2024/7/3 下午 1:30:00,976,979,967,979,24070411
2024/7/4 下午 1:30:00,1000,1010,997,1005,41893299
2024/7/5 下午 1:30:00,1005,1010,1000,1005,19998094
2024/7/8 下午 1:30:00,1005,1050,1000,1035,40146763
2024/7/9 下午 1:30:00,1030,1055,1025,1040,46373121
2024/7/10 下午 1:30:00,1020,1050,1015,1045,46206302
2024/7/11 下午 1:30:00,1065,1080,1055,1080,41724336
2024/7/12 下午 1:30:00,1030,1045,1025,1040,68983062
2024/7/15 下午 1:30:00,1040,1045,1025,1040,38393309
2024/7/16 下午 1:30:00,1040,1070,1035,1055,32125609
2024/7/17 下午 1:30:00,1035,1045,1020,1030,54022399
2024/7/18 下午 1:30:00,988,1005,986,1005,81990095
2024/7/19 下午 1:30:00,988,995,970,970,92507621
2024/7/22 下午 1:30:00,964,965,938,939,83062356
2024/7/23 下午 1:30:00,963,979,956,979,47213266
2024/7/26 下午 1:30:00,915,930,915,924,82081735
2024/7/29 下午 1:30:00,942,948,936,944,40809258
2024/7/30 下午 1:30:00,930,949,926,940,41761392
2024/7/31 下午 1:30:00,929,940,928,934,39894991
2024/8/1 下午 1:30:00,969,969,948,960,47382270
2024/8/2 下午 1:30:00,918,928,903,903,76144485
2024/8/5 下午 1:30:00,852,857,813,815,144057989
2024/8/6 下午 1:30:00,868,895,840,880,102930842
2024/8/7 下午 1:30:00,901,920,893,920,59158704
2024/8/8 下午 1:30:00,901,905,887,896,38236391
2024/8/9 下午 1:30:00,927,934,922,934,49494621
2024/8/12 下午 1:30:00,942,948,931,940,38331663
2024/8/13 下午 1:30:00,945,945,937,941,25764381
2024/8/14 下午 1:30:00,951,955,945,948,36780856
2024/8/15 下午 1:30:00,945,950,941,943,19476402
2024/8/16 下午 1:30:00,963,969,958,969,44062316
2024/8/19 下午 1:30:00,969,975,964,973,21348863
2024/8/20 下午 1:30:00,977,977,968,973,24039959
2024/8/21 下午 1:30:00,961,964,956,958,29758188
2024/8/22 下午 1:30:00,958,964,948,951,24349754
2024/8/23 下午 1:30:00,944,952,939,949,27592153
2024/8/26 下午 1:30:00,957,961,945,950,25057581
2024/8/27 下午 1:30:00,945,946,940,942,18693037
2024/8/28 下午 1:30:00,945,964,943,964,31059233
2024/8/29 下午 1:30:00,942,947,937,943,43530708
2024/8/30 下午 1:30:00,944,952,941,944,63834981
2024/9/2 下午 1:30:00,950,955,943,948,18646835
2024/9/3 下午 1:30:00,948,952,939,940,19547575
2024/9/4 下午 1:30:00,894,905,888,889,79709021
2024/9/5 下午 1:30:00,907,915,900,902,30512026
2024/9/6 下午 1:30:00,909,918,903,918,24458336
2024/9/9 下午 1:30:00,892,900,891,899,35885268
2024/9/10 下午 1:30:00,907,911,901,904,33498628
2024/9/11 下午 1:30:00,906,906,900,901,18029342
2024/9/12 下午 1:30:00,936,944,928,940,39454846
2024/9/13 下午 1:30:00,955,955,939,947,25347586
2024/9/16 下午 1:30:00,952,952,943,947,13626239
2024/9/18 下午 1:30:00,945,948,933,941,28424324
2024/9/19 下午 1:30:00,940,960,936,960,32739630
2024/9/20 下午 1:30:00,981,982,971,973,60133709
2024/9/23 下午 1:30:00,971,977,971,977,14497067
2024/9/24 下午 1:30:00,976,987,971,987,26785975
2024/9/25 下午 1:30:00,1000,1005,998,1005,39405222
2024/9/26 下午 1:30:00,1010,1015,1005,1015,38321585
2024/9/27 下午 1:30:00,1020,1025,1000,1000,35783779
2024/9/30 下午 1:30:00,978,990,957,957,61603217
2024/10/1 下午 1:30:00,967,977,967,972,26760355
2024/10/4 下午 1:30:00,986,986,967,977,40934818
2024/10/7 下午 1:30:00,993,1010,989,1005,39667071
2024/10/8 下午 1:30:00,1000,1010,997,1010,30845902
2024/10/9 下午 1:30:00,1030,1035,1020,1020,46975717
2024/10/11 下午 1:30:00,1025,1050,1020,1045,43058754
2024/10/14 下午 1:30:00,1045,1055,1035,1045,36858874
2024/10/15 下午 1:30:00,1050,1075,1050,1070,42850176
2024/10/16 下午 1:30:00,1040,1070,1035,1045,52652149
2024/10/17 下午 1:30:00,1050,1055,1030,1035,54173771
2024/10/18 下午 1:30:00,1095,1100,1075,1085,85011961
2024/10/21 下午 1:30:00,1090,1095,1080,1085,36491060
2024/10/22 下午 1:30:00,1065,1075,1060,1075,41197877
2024/10/23 下午 1:30:00,1060,1070,1055,1060,31423466
2024/10/24 下午 1:30:00,1070,1075,1055,1060,38236996
2024/10/25 下午 1:30:00,1065,1070,1060,1065,22009575
2024/10/28 下午 1:30:00,1075,1080,1050,1050,40142324
2024/10/29 下午 1:30:00,1035,1040,1020,1040,45415773
2024/10/30 下午 1:30:00,1040,1055,1030,1030,38201984
2024/11/1 下午 1:30:00,996,1030,996,1025,54480255
2024/11/4 下午 1:30:00,1030,1045,1025,1040,26747978
2024/11/5 下午 1:30:00,1030,1055,1030,1050,32385622
2024/11/6 下午 1:30:00,1050,1080,1040,1060,55349259
2024/11/7 下午 1:30:00,1050,1075,1050,1065,43975446
2024/11/8 下午 1:30:00,1085,1090,1080,1090,37099479
2024/11/11 下午 1:30:00,1080,1090,1070,1085,34690205
2024/11/12 下午 1:30:00,1060,1065,1050,1050,51099848
2024/11/13 下午 1:30:00,1045,1050,1035,1035,42331232
2024/11/14 下午 1:30:00,1030,1040,1025,1035,44627940
2024/11/15 下午 1:30:00,1040,1045,1030,1035,34791611
2024/11/18 下午 1:30:00,1030,1035,1020,1025,31815076
2024/11/19 下午 1:30:00,1030,1045,1025,1040,24349599
2024/11/20 下午 1:30:00,1045,1050,1020,1025,40203197
2024/11/21 下午 1:30:00,1020,1025,1010,1010,41429227
2024/11/22 下午 1:30:00,1035,1050,1035,1040,25187973
2024/11/25 下午 1:30:00,1045,1050,1030,1030,49566674
2024/11/26 下午 1:30:00,1015,1020,1010,1010,27312402
2024/11/27 下午 1:30:00,1010,1020,1000,1000,31276090
2024/11/28 下午 1:30:00,1005,1005,992,1005,33689956
2024/11/29 下午 1:30:00,995,1010,994,996,40094983
2024/12/2 下午 1:30:00,1020,1040,1015,1035,31168404
2024/12/3 下午 1:30:00,1060,1065,1055,1055,43414538
2024/12/4 下午 1:30:00,1065,1070,1055,1070,33466290
2024/12/5 下午 1:30:00,1070,1080,1070,1075,31425359
2024/12/6 下午 1:30:00,1075,1080,1060,1065,30765288
2024/12/9 下午 1:30:00,1070,1075,1065,1075,22247131
2024/12/10 下午 1:30:00,1070,1075,1060,1065,28506584
2024/12/11 下午 1:30:00,1045,1060,1045,1045,25264194
2024/12/12 下午 1:30:00,1060,1065,1055,1060,22791260
2024/12/13 下午 1:30:00,1060,1070,1055,1065,20423659
2024/12/16 下午 1:30:00,1085,1085,1075,1085,39722392
2024/12/17 下午 1:30:00,1090,1095,1075,1075,37880707
2024/12/18 下午 1:30:00,1075,1090,1070,1085,41863190
2024/12/19 下午 1:30:00,1065,1070,1055,1070,42702851
2024/12/20 下午 1:30:00,1060,1060,1035,1035,52030520
2024/12/23 下午 1:30:00,1065,1080,1060,1080,30728473
2024/12/24 下午 1:30:00,1095,1095,1080,1080,26461906
2024/12/25 下午 1:30:00,1090,1090,1080,1085,15481622
2024/12/26 下午 1:30:00,1085,1090,1085,1085,14374900
2024/12/27 下午 1:30:00,1080,1095,1080,1090,24948385
2024/12/30 下午 1:30:00,1090,1095,1085,1090,23954634
2024/12/31 下午 1:30:00,1080,1085,1075,1075,28397820
2025/1/2 下午 1:30:00,1070,1075,1055,1065,43177098
2025/1/3 下午 1:30:00,1080,1085,1075,1075,30415096
2025/1/6 下午 1:30:00,1100,1125,1095,1125,69289786
2025/1/7 下午 1:30:00,1150,1160,1130,1130,48758688
2025/1/8 下午 1:30:00,1110,1130,1105,1105,45211419
2025/1/9 下午 1:30:00,1100,1115,1100,1100,27263215
2025/1/10 下午 1:30:00,1100,1110,1100,1100,22021522
2025/1/13 下午 1:30:00,1110,1115,1070,1075,56690300
2025/1/14 下午 1:30:00,1085,1090,1075,1090,28695247
2025/1/15 下午 1:30:00,1085,1085,1065,1065,35489482
2025/1/16 下午 1:30:00,1095,1115,1090,1105,47542962
2025/1/17 下午 1:30:00,1125,1125,1095,1120,59214050
2025/1/20 下午 1:30:00,1125,1135,1120,1120,29834528
2025/1/21 下午 1:30:00,1115,1125,1110,1120,21904213
2025/1/22 下午 1:30:00,1140,1150,1135,1135,42960405
2025/2/3 下午 1:30:00,1065,1075,1060,1070,97946226
2025/2/4 下午 1:30:00,1085,1100,1080,1095,53308108
2025/2/5 下午 1:30:00,1110,1120,1105,1110,40385340
2025/2/6 下午 1:30:00,1120,1120,1105,1115,29971252
2025/2/7 下午 1:30:00,1110,1125,1105,1125,27883220
2025/2/10 下午 1:30:00,1125,1125,1095,1105,28527108
2025/2/11 下午 1:30:00,1110,1115,1100,1110,18898928
2025/2/12 下午 1:30:00,1110,1115,1100,1100,24172954
2025/2/13 下午 1:30:00,1090,1095,1080,1090,33210403
2025/2/14 下午 1:30:00,1065,1070,1060,1060,64486940
2025/2/17 下午 1:30:00,1065,1085,1065,1085,35491271
2025/2/18 下午 1:30:00,1085,1100,1080,1100,21616188
2025/2/19 下午 1:30:00,1090,1095,1085,1090,26400293
2025/2/20 下午 1:30:00,1080,1085,1070,1080,29643124
2025/2/21 下午 1:30:00,1085,1095,1080,1095,28972910
2025/2/24 下午 1:30:00,1080,1085,1075,1075,30822970
2025/2/25 下午 1:30:00,1055,1060,1050,1055,45158522
2025/2/26 下午 1:30:00,1045,1060,1045,1060,36768449
2025/2/27 下午 1:30:00,1065,1065,1040,1040,55283596
2025/3/3 下午 1:30:00,1000,1020,1000,1020,65621663
2025/3/4 下午 1:30:00,996,1010,996,1000,64569262
2025/3/5 下午 1:30:00,1020,1030,1015,1020,41994320
2025/3/6 下午 1:30:00,1020,1025,1005,1005,45187017
2025/3/7 下午 1:30:00,1005,1010,1000,1005,40822280
2025/3/10 下午 1:30:00,1005,1005,992,998,46849886
2025/3/11 下午 1:30:00,969,979,963,971,50204233
2025/3/12 下午 1:30:00,980,995,976,988,34184887
2025/3/13 下午 1:30:00,1000,1005,965,965,37035693
2025/3/14 下午 1:30:00,965,969,955,959,34333748
2025/3/17 下午 1:30:00,977,985,968,970,31491061
2025/3/18 下午 1:30:00,976,978,968,971,21575327
2025/3/19 下午 1:30:00,965,967,950,952,35245036
2025/3/20 下午 1:30:00,978,985,971,985,28715956
2025/3/21 下午 1:30:00,985,987,970,972,39214916
2025/3/24 下午 1:30:00,986,987,972,972,16121506
2025/3/25 下午 1:30:00,989,995,985,990,26167428
2025/3/26 下午 1:30:00,995,995,980,980,21735917
2025/3/27 下午 1:30:00,961,964,958,958,34563256
2025/3/28 下午 1:30:00,946,955,946,952,33101234
2025/3/31 下午 1:30:00,920,924,910,910,51064611
2025/4/1 下午 1:30:00,929,946,925,944,32197752
2025/4/2 下午 1:30:00,949,952,938,942,24849656
2025/4/7 下午 1:30:00,848,848,848,848,23820773
2025/4/8 下午 1:30:00,797,843,797,816,116648736
2025/4/9 下午 1:30:00,809,826,780,785,107582838
2025/4/10 下午 1:30:00,863,863,863,863,19416428
2025/4/11 下午 1:30:00,848,889,836,889,76103586
2025/4/14 下午 1:30:00,895,903,865,865,66326054
2025/4/15 下午 1:30:00,874,879,865,877,30562095
2025/4/16 下午 1:30:00,867,869,852,855,42128082
2025/4/17 下午 1:30:00,849,856,842,847,33684502
2025/4/18 下午 1:30:00,853,858,850,850,20101219
2025/4/21 下午 1:30:00,844,847,832,835,18415705
2025/4/22 下午 1:30:00,826,829,816,816,28888527
2025/4/23 下午 1:30:00,853,873,848,873,37863656
2025/4/24 下午 1:30:00,886,886,859,864,32238198
2025/4/25 下午 1:30:00,900,901,886,888,34640282
2025/4/28 下午 1:30:00,898,898,893,897,21830091
2025/4/29 下午 1:30:00,897,902,893,902,24362874
2025/4/30 下午 1:30:00,901,908,899,908,35405654
2025/5/2 下午 1:30:00,938,950,932,950,43873135
2025/5/5 下午 1:30:00,956,957,923,938,52770209
2025/5/6 下午 1:30:00,916,930,916,920,37538894
2025/5/7 下午 1:30:00,925,932,911,928,36907620
2025/5/8 下午 1:30:00,933,939,918,918,27985917
2025/5/9 下午 1:30:00,938,949,934,949,36383573
2025/5/12 下午 1:30:00,954,962,952,957,23402547
2025/5/13 下午 1:30:00,990,990,969,969,38047856
2025/5/14 下午 1:30:00,990,999,988,999,40475123
2025/5/15 下午 1:30:00,1000,1000,993,993,24662270
2025/5/16 下午 1:30:00,991,998,989,998,16878650
2025/5/19 下午 1:30:00,993,994,980,984,19906139
2025/5/20 下午 1:30:00,991,994,978,978,20897857
2025/5/21 下午 1:30:00,986,999,983,990,26248757
2025/5/22 下午 1:30:00,988,988,979,982,18747545
2025/5/23 下午 1:30:00,993,993,975,984,22213030
2025/5/26 下午 1:30:00,975,984,975,976,19329052
2025/5/27 下午 1:30:00,971,975,961,965,26355315
2025/5/28 下午 1:30:00,984,985,967,967,26471533
2025/5/29 下午 1:30:00,986,986,967,967,48602590
2025/6/2 下午 1:30:00,958,961,946,946,33676511
2025/6/3 下午 1:30:00,960,965,950,950,26020787
2025/6/4 下午 1:30:00,974,990,970,990,37233567
2025/6/5 下午 1:30:00,1000,1000,991,998,24414444
2025/6/6 下午 1:30:00,997,997,991,995,13670307
2025/6/9 下午 1:30:00,1005,1010,1000,1005,21674308
2025/6/10 下午 1:30:00,1025,1050,1020,1045,44877640
2025/6/11 下午 1:30:00,1065,1070,1055,1065,37178498
2025/6/12 下午 1:30:00,1055,1060,1045,1045,25221606
2025/6/13 下午 1:30:00,1040,1040,1025,1030,28393455
2025/6/16 下午 1:30:00,1030,1030,1015,1025,28580673
2025/6/17 下午 1:30:00,1040,1050,1035,1045,26517379
2025/6/18 下午 1:30:00,1040,1055,1030,1055,37931721
2025/6/19 下午 1:30:00,1045,1045,1030,1035,24002557
2025/6/20 下午 1:30:00,1030,1055,1025,1055,57831332
2025/6/23 下午 1:30:00,1025,1030,1015,1020,32143872
2025/6/24 下午 1:30:00,1045,1050,1040,1050,28163537
2025/6/25 下午 1:30:00,1060,1070,1055,1070,38783736
2025/6/26 下午 1:30:00,1075,1080,1065,1075,36056692
2025/6/27 下午 1:30:00,1070,1080,1060,1080,32549027
2025/6/30 下午 1:30:00,1075,1080,1060,1060,32413717
2025/7/1 下午 1:30:00,1080,1095,1075,1085,44299887
2025/7/2 下午 1:30:00,1075,1085,1070,1085,23822731
2025/7/3 下午 1:30:00,1105,1105,1090,1090,36973556
2025/7/4 下午 1:30:00,1095,1100,1080,1085,20363322
2025/7/7 下午 1:30:00,1080,1085,1070,1080,18829372
2025/7/8 下午 1:30:00,1070,1080,1065,1080,27461252
2025/7/9 下午 1:30:00,1070,1090,1065,1090,23618216
2025/7/10 下午 1:30:00,1095,1100,1090,1100,22350503
2025/7/11 下午 1:30:00,1095,1100,1090,1100,28249780
2025/7/14 下午 1:30:00,1100,1100,1085,1095,25760632
2025/7/15 下午 1:30:00,1095,1115,1090,1110,45416390
2025/7/16 下午 1:30:00,1120,1130,1120,1130,31013743
2025/7/17 下午 1:30:00,1130,1135,1115,1130,30648595
2025/7/18 下午 1:30:00,1155,1160,1145,1155,46645034
2025/7/21 下午 1:30:00,1145,1150,1135,1150,26749324
2025/7/22 下午 1:30:00,1145,1160,1130,1130,50457506
2025/7/23 下午 1:30:00,1140,1145,1135,1145,29747757
2025/7/24 下午 1:30:00,1150,1155,1145,1145,15055463
2025/7/25 下午 1:30:00,1150,1155,1140,1145,22476546
2025/7/28 下午 1:30:00,1155,1160,1145,1145,20606376
2025/7/29 下午 1:30:00,1145,1145,1125,1135,31763255
2025/7/30 下午 1:30:00,1150,1160,1145,1155,34182363
2025/7/31 下午 1:30:00,1160,1165,1155,1160,33230751
2025/8/1 下午 1:30:00,1145,1150,1130,1140,41302676
2025/8/4 下午 1:30:00,1130,1135,1125,1135,23939021
2025/8/5 下午 1:30:00,1145,1150,1140,1150,17012960
2025/8/6 下午 1:30:00,1130,1135,1125,1125,22023406
2025/8/7 下午 1:30:00,1160,1180,1155,1180,61370031
2025/8/8 下午 1:30:00,1180,1185,1170,1175,25958258
2025/8/11 下午 1:30:00,1170,1195,1165,1180,35579367
2025/8/12 下午 1:30:00,1180,1190,1170,1180,28917167
2025/8/13 下午 1:30:00,1185,1200,1185,1200,37809952
2025/8/14 下午 1:30:00,1185,1190,1175,1175,32991791
2025/8/15 下午 1:30:00,1175,1185,1170,1180,22231552
2025/8/18 下午 1:30:00,1170,1185,1170,1180,18219895
2025/8/19 下午 1:30:00,1180,1185,1175,1185,17867547
2025/8/20 下午 1:30:00,1165,1165,1135,1135,66982023
2025/8/21 下午 1:30:00,1140,1155,1140,1150,23424804
2025/8/22 下午 1:30:00,1155,1155,1135,1135,19205763
2025/8/25 下午 1:30:00,1165,1180,1160,1170,25103514
2025/8/26 下午 1:30:00,1165,1185,1160,1175,35508897
2025/8/27 下午 1:30:00,1190,1190,1180,1190,21952558
2025/8/28 下午 1:30:00,1185,1185,1160,1160,19975237
2025/8/29 下午 1:30:00,1180,1185,1160,1160,19522740
2025/9/1 下午 1:30:00,1150,1165,1145,1165,22018940
2025/9/2 下午 1:30:00,1170,1175,1155,1160,14037411
2025/9/3 下午 1:30:00,1155,1160,1145,1160,19511981
2025/9/4 下午 1:30:00,1170,1175,1160,1160,24333323
2025/9/5 下午 1:30:00,1175,1180,1170,1180,27133819
2025/9/8 下午 1:30:00,1195,1195,1180,1180,27281959
2025/9/9 下午 1:30:00,1195,1200,1190,1200,31329096
2025/9/10 下午 1:30:00,1220,1230,1215,1225,39665156
2025/9/11 下午 1:30:00,1255,1260,1235,1240,30345708
2025/9/12 下午 1:30:00,1255,1260,1250,1260,26492972
2025/9/15 下午 1:30:00,1260,1260,1250,1255,24589707
2025/9/16 下午 1:30:00,1265,1285,1260,1280,40130070
2025/9/17 下午 1:30:00,1270,1275,1265,1265,29283972
2025/9/18 下午 1:30:00,1275,1285,1265,1285,24191307
2025/9/19 下午 1:30:00,1285,1290,1265,1265,44913316
2025/9/22 下午 1:30:00,1270,1295,1270,1295,28859955
2025/9/23 下午 1:30:00,1320,1340,1315,1340,33953781
2025/9/24 下午 1:30:00,1350,1355,1325,1340,44737182
2025/9/25 下午 1:30:00,1320,1330,1320,1320,25861812
2025/9/26 下午 1:30:00,1310,1315,1295,1300,25793295
2025/9/30 下午 1:30:00,1310,1320,1305,1305,36642789
2025/10/1 下午 1:30:00,1325,1350,1325,1325,33837323
2025/10/2 下午 1:30:00,1360,1370,1355,1365,29593487
2025/10/3 下午 1:30:00,1365,1400,1365,1400,31032341
2025/10/7 下午 1:30:00,1420,1445,1420,1435,38395572
2025/10/8 下午 1:30:00,1410,1420,1405,1415,23064494
2025/10/9 下午 1:30:00,1440,1455,1430,1440,39052134
2025/10/13 下午 1:30:00,1390,1420,1390,1415,53850992
2025/10/14 下午 1:30:00,1455,1460,1420,1425,39889256
2025/10/15 下午 1:30:00,1435,1465,1425,1465,41056405
2025/10/16 下午 1:30:00,1465,1495,1465,1485,37737678
2025/10/17 下午 1:30:00,1455,1465,1450,1450,38077331
2025/10/20 下午 1:30:00,1460,1495,1455,1480,33015553
2025/10/21 下午 1:30:00,1485,1500,1480,1480,34601251
2025/10/22 下午 1:30:00,1460,1470,1455,1460,27360948
2025/10/23 下午 1:30:00,1440,1455,1435,1450,23570046
2025/10/27 下午 1:30:00,1500,1500,1480,1480,32851952
2025/10/28 下午 1:30:00,1480,1490,1470,1475,28381919
2025/10/29 下午 1:30:00,1495,1515,1490,1505,30631103
2025/10/30 下午 1:30:00,1515,1520,1500,1505,27867757
2025/10/31 下午 1:30:00,1515,1525,1500,1500,31928423
2025/11/3 下午 1:30:00,1510,1520,1490,1510,29118770
2025/11/4 下午 1:30:00,1520,1525,1495,1505,33925673
2025/11/5 下午 1:30:00,1480,1485,1455,1460,56305422
2025/11/6 下午 1:30:00,1470,1480,1465,1465,27411394
2025/11/7 下午 1:30:00,1460,1465,1455,1460,20329390
2025/11/10 下午 1:30:00,1470,1485,1465,1475,25281744
2025/11/11 下午 1:30:00,1490,1495,1465,1465,22444166
2025/11/12 下午 1:30:00,1470,1485,1460,1475,23642502
2025/11/13 下午 1:30:00,1460,1470,1460,1460,21255597
2025/11/14 下午 1:30:00,1425,1440,1425,1430,26861702
2025/11/17 下午 1:30:00,1450,1460,1445,1445,26602730
2025/11/18 下午 1:30:00,1435,1435,1405,1405,42198432
2025/11/19 下午 1:30:00,1400,1415,1395,1395,35591948
2025/11/20 下午 1:30:00,1450,1460,1440,1455,25964403
2025/11/21 下午 1:30:00,1395,1405,1385,1385,54518246
2025/11/24 下午 1:30:00,1400,1405,1375,1375,79134658
2025/11/25 下午 1:30:00,1425,1425,1405,1415,27427405
2025/11/26 下午 1:30:00,1430,1440,1425,1440,29213211
2025/11/27 下午 1:30:00,1450,1455,1430,1435,22039774
2025/11/28 下午 1:30:00,1440,1455,1435,1440,23152513
2025/12/1 下午 1:30:00,1445,1445,1410,1410,30559208
2025/12/2 下午 1:30:00,1430,1440,1420,1430,23544477
2025/12/3 下午 1:30:00,1440,1450,1435,1450,20301540
2025/12/4 下午 1:30:00,1445,1450,1430,1445,20696944
2025/12/5 下午 1:30:00,1445,1460,1440,1460,21072604
2025/12/8 下午 1:30:00,1465,1495,1460,1495,24257260
2025/12/9 下午 1:30:00,1495,1500,1480,1480,24235825
2025/12/10 下午 1:30:00,1490,1505,1485,1505,23319221
2025/12/11 下午 1:30:00,1510,1515,1465,1470,28924982
2025/12/12 下午 1:30:00,1475,1485,1470,1480,22107664
2025/12/15 下午 1:30:00,1450,1455,1445,1450,25889058
2025/12/16 下午 1:30:00,1435,1445,1425,1435,32168064
2025/12/17 下午 1:30:00,1435,1445,1425,1430,30535812
2025/12/18 下午 1:30:00,1420,1435,1415,1430,30534136
2025/12/19 下午 1:30:00,1455,1455,1430,1430,38763280
2025/12/22 下午 1:30:00,1465,1470,1455,1465,22661665
2025/12/23 下午 1:30:00,1475,1490,1470,1490,20739075
2025/12/24 下午 1:30:00,1495,1500,1485,1495,12987261
2025/12/26 下午 1:30:00,1505,1510,1495,1510,18823612
2025/12/29 下午 1:30:00,1515,1530,1510,1530,21124648
2025/12/30 下午 1:30:00,1515,1530,1510,1520,20325400
2025/12/31 下午 1:30:00,1520,1550,1515,1550,29695967
2026/1/2 下午 1:30:00,1555,1585,1545,1585,37512761
2026/1/5 下午 1:30:00,1630,1695,1625,1670,66871820
2026/1/6 下午 1:30:00,1645,1705,1645,1705,46751692
2026/1/7 下午 1:30:00,1665,1685,1665,1675,49857449
2026/1/8 下午 1:30:00,1660,1700,1655,1685,29215618
2026/1/9 下午 1:30:00,1665,1700,1655,1680,37387656
2026/1/12 下午 1:30:00,1700,1705,1690,1690,29987449
2026/1/13 下午 1:30:00,1720,1720,1700,1710,30171800
2026/1/14 下午 1:30:00,1705,1715,1700,1710,29100816
2026/1/15 下午 1:30:00,1685,1700,1680,1690,36391886
2026/1/16 下午 1:30:00,1735,1750,1710,1740,53551629
2026/1/19 下午 1:30:00,1725,1780,1725,1760,29580038
2026/1/20 下午 1:30:00,1740,1775,1740,1775,29401234
2026/1/21 下午 1:30:00,1745,1765,1740,1740,45192749
2026/1/22 下午 1:30:00,1765,1770,1750,1760,32069478
2026/1/23 下午 1:30:00,1770,1775,1750,1770,27601167
2026/1/26 下午 1:30:00,1765,1785,1755,1755,22960198
2026/1/27 下午 1:30:00,1760,1785,1755,1780,28985200
2026/1/28 下午 1:30:00,1790,1820,1790,1820,29301156
2026/1/29 下午 1:30:00,1830,1835,1800,1805,32224002
2026/1/30 下午 1:30:00,1790,1800,1775,1775,40825139
2026/2/2 下午 1:30:00,1750,1765,1745,1765,28251381
2026/2/3 下午 1:30:00,1810,1810,1785,1800,26744162
2026/2/4 下午 1:30:00,1785,1805,1775,1785,26952301
2026/2/5 下午 1:30:00,1765,1780,1760,1765,26299986
2026/2/6 下午 1:30:00,1745,1780,1740,1780,33263592
2026/2/9 下午 1:30:00,1830,1835,1815,1815,36529289
2026/2/10 下午 1:30:00,1845,1880,1840,1880,41859169
2026/2/11 下午 1:30:00,1880,1925,1875,1915,40488310
2026/2/23 下午 1:30:00,1900,1935,1900,1900,69816209
2026/2/24 下午 1:30:00,1915,1975,1915,1965,40961679
2026/2/25 下午 1:30:00,1995,2025,1995,2015,40832607
2026/2/26 下午 1:30:00,2000,2010,1995,1995,58561388
2026/3/2 下午 1:30:00,1940,1995,1940,1975,48884884
2026/3/3 下午 1:30:00,1970,1980,1935,1935,43090471
2026/3/4 下午 1:30:00,1895,1910,1865,1865,68160943
2026/3/5 下午 1:30:00,1940,1960,1895,1900,48120463
2026/3/6 下午 1:30:00,1880,1900,1880,1890,30082724
2026/3/9 下午 1:30:00,1775,1810,1770,1810,76459172
2026/3/10 下午 1:30:00,1870,1890,1830,1850,41375691
2026/3/11 下午 1:30:00,1885,1950,1875,1940,36167313
2026/3/12 下午 1:30:00,1900,1915,1885,1885,34040589
2026/3/13 下午 1:30:00,1840,1885,1840,1865,31214304
2026/3/16 下午 1:30:00,1875,1880,1845,1845,31249086
2026/3/17 下午 1:30:00,1875,1880,1860,1870,23812211
2026/3/18 下午 1:30:00,1900,1910,1890,1905,23068156
2026/3/19 下午 1:30:00,1875,1880,1850,1850,31040569
2026/3/20 下午 1:30:00,1860,1870,1840,1840,46312322
2026/3/23 下午 1:30:00,1790,1815,1785,1810,34902948
2026/3/24 下午 1:30:00,1850,1850,1800,1810,27001025
2026/3/25 下午 1:30:00,1865,1875,1845,1845,40964040
2026/3/26 下午 1:30:00,1850,1865,1840,1840,20958470
2026/3/27 下午 1:30:00,1805,1825,1800,1820,28974140
2026/3/30 下午 1:30:00,1780,1800,1780,1780,39889700
2026/3/31 下午 1:30:00,1775,1790,1760,1760,49221091
2026/4/1 下午 1:30:00,1840,1855,1830,1855,35537379
2026/4/2 下午 1:30:00,1865,1865,1805,1810,25132417
2026/4/7 下午 1:30:00,1850,1860,1835,1860,17953562
2026/4/8 下午 1:30:00,1935,1950,1925,1950,46515921
2026/4/9 下午 1:30:00,1945,1955,1930,1955,31835073
2026/4/10 下午 1:30:00,1975,2000,1970,2000,28637625
2026/4/13 下午 1:30:00,1985,1995,1975,1990,28968757
2026/4/14 下午 1:30:00,2015,2055,2010,2055,39113405
2026/4/15 下午 1:30:00,2065,2100,2060,2080,40343568
2026/4/16 下午 1:30:00,2080,2090,2055,2085,32038524
2026/4/17 下午 1:30:00,2055,2060,2030,2030,39260244
2026/4/20 下午 1:30:00,2030,2055,2025,2025,25407621
2026/4/21 下午 1:30:00,2050,2075,2045,2050,25783476
2026/4/22 下午 1:30:00,2045,2070,2040,2050,24762881
2026/4/23 下午 1:30:00,2090,2135,2055,2080,48682193
2026/4/24 下午 1:30:00,2110,2190,2105,2185,45088050